0.05386996269226074	1.0038991852444497
0.05568814277648926	1.0038991852444497
0.056307077407836914	1.0038991852444497
0.0612940788269043	1.0041803247296943
0.08165907859802246	1.0044917335446584
0.1007089614868164	1.0048651194053255
0.12044310569763184	1.0049252867949234
0.14069199562072754	1.0052829937654908
0.1604750156402588	1.005737315991091
0.18073010444641113	1.0059985588475353
0.20054197311401367	1.0062647148495163
0.220534086227417	1.0066153551961696
0.24055910110473633	1.0067892270904195
0.26063108444213867	1.0069311656317546
0.28071093559265137	1.0070196318202989
0.30061793327331543	1.0071962623609787
0.3205850124359131	1.0071840026892798
0.3417489528656006	1.0071312152291136
0.36076807975769043	1.0070689388049943
0.3805100917816162	1.0069747153027502
0.400529146194458	1.0068240438667975
0.4205751419067383	1.0066802334769975
0.4419980049133301	1.0064491024421238
0.4605131149291992	1.0058648460934529
0.48075199127197266	1.0055606139242554
0.5004160404205322	1.0046872392249959
0.5205750465393066	1.0046872392249959
0.5404770374298096	1.0036099569208952
0.5613570213317871	1.0021080076933053
0.5805671215057373	1.0010789546699257
0.6005370616912842	1.0010789546699257
0.6204280853271484	0.99981812439245976
0.6404979228973389	0.99897830162133805
0.6610689163208008	0.9978079906188202
0.6805460453033447	0.99576502927987787
0.7004530429840088	0.99506135598655321
0.7205140590667725	0.9922770001490937
0.7408051490783691	0.99095838491953647
0.7605271339416504	0.98955085152790245
0.7808670997619629	0.98652179046115096
0.8005120754241943	0.98652179046115096
0.8205020427703857	0.98292364284152645
0.8404510021209717	0.9807688541099453
0.8609931468963623	0.97706832208195493
0.8813209533691406	0.97580939836333069
0.9006290435791016	0.97323465059673087
0.920525074005127	0.97200567685856598
0.9406380653381348	0.96936642226331604
0.9606349468231201	0.9672714139099563
0.9805901050567627	0.96590332132744183
1.0006890296936035	0.95863676159883471
1.0207610130310059	0.95863676159883471
1.0405399799346924	0.95553066159898414
1.0604760646820068	0.95066443690091751
1.0804760456085205	0.94894312130380221
1.1004669666290283	0.94226423241590984
1.1207211017608643	0.93776963090861787
1.140444040298462	0.93506196170063993
1.160417079925537	0.93240162755074296
1.181283950805664	0.92878527895545571
1.2014110088348389	0.92696194833200762
1.2205810546875	0.92027935277409023
1.2405481338500977	0.91739985584706829
1.2605631351470947	0.91447580440731957
1.2811830043792725	0.91154360030948611
1.3005940914154053	0.90567602096020727
1.3208160400390625	0.90269790983315923
1.3405370712280273	0.89868284739796689
1.360403060913086	0.89267482987407076
1.3807730674743652	0.8896127218308284
1.400942087173462	0.88553472606114503
1.420531988143921	0.88351872817364852
1.440561056137085	0.87750449528722052
1.4604721069335938	0.87345833049647381
1.4804561138153076	0.87039699407756266
1.5006020069122314	0.86419152608411642
1.5206019878387451	0.85998724823289674
1.5406749248504639	0.85688789145987365
1.560603141784668	0.85070619867869723
1.5804431438446045	0.84667320605225971
1.6005029678344727	0.84463780818612522
1.6203861236572266	0.83842306045555737
1.640449047088623	0.83434367606072057
1.6607720851898193	0.83023057707269809
1.681584119796753	0.82928298843498571
1.7004659175872803	0.82621917277750756
1.720426082611084	0.8220331807319563
1.741642951965332	0.81597789764949169
1.7604560852050781	0.81303101170237158
1.7806360721588135	0.80694929778107682
1.8004660606384277	0.8029018187698107
1.8204600811004639	0.80083715622417895
1.8411180973052979	0.79476485781353534
1.8604209423065186	0.79063011689175045
1.8805410861968994	0.78755111329419303
1.9006121158599854	0.78340501960892883
1.9204471111297607	0.78141245516563962
1.9405169486999512	0.77533684765138222
1.9604239463806152	0.77118045547134018
1.9804670810699463	0.76917093374568757
2.0007340908050537	0.76210465421983509
2.020538091659546	0.75820739387106173
2.040472984313965	0.75513564534317568
2.0604159832000732	0.74997172106641041
2.0806989669799805	0.74690873930987123
2.1008999347686768	0.74289963877828236
2.120410919189453	0.73789793881048915
2.140752077102661	0.73380357303899935
2.16048002243042	0.73078859027274956
2.1804370880126953	0.72680097773627528
2.200829029083252	0.72463490433789823
2.2204720973968506	0.72067647473779328
2.2417690753936768	0.71449227676162108
2.2605390548706055	0.71239748218829668
2.2804689407348633	0.70838794433284136
2.3009231090545654	0.70236363135573443
2.320460081100464	0.69908085197129
2.340574026107788	0.69595264250436162
2.36106014251709	0.69000188101249071
2.380479097366333	0.68691505571654399
2.400614023208618	0.68280101566088203
2.420459032058716	0.67643394879118435
2.4406659603118896	0.67336723846997826
2.460494041442871	0.66917773557153326
2.48062801361084	0.66617677983614954
2.500545024871826	0.65980159262698557
2.520514965057373	0.65537989898232696
2.5405659675598145	0.65335230115663279
2.5605409145355225	0.64700831386447777
2.580515146255493	0.64263715558223189
2.600605010986328	0.64039985147846212
2.620432138442993	0.63375915956464124
2.6405200958251953	0.63056775219667704
2.6604421138763428	0.62600162101164147
2.6804840564727783	0.62149550791277242
2.7009570598602295	0.61919532649281483
2.7205240726470947	0.61475433817516834
2.7408900260925293	0.60783149556070903
2.760468006134033	0.60552539658125326
2.7805709838867188	0.60060341334360956
2.800506114959717	0.59370538044664978
2.820521116256714	0.59032625069006572
2.841059923171997	0.5852721072249093
2.8606090545654297	0.58024067620497222
2.8805770874023438	0.57780579910986274
2.900512933731079	0.57160682083607084
2.9205260276794434	0.56670725889423879
2.9406869411468506	0.55874598782863105
2.9604930877685547	0.55874598782863105
2.980473041534424	0.54738163325012146
3.0004351139068604	0.54332260266722943
3.0206520557403564	0.53767468688768305
3.0406839847564697	0.53497381278716782
3.0603671073913574	0.52588269311659519
3.0804810523986816	0.5201196575799526
3.100498914718628	0.51733032672033674
3.1204309463500977	0.50922686523841199
3.140592098236084	0.50374317086328191
3.160454034805298	0.50080857732785078
3.180453062057495	0.4948382893432981
3.200655937194824	0.49052234842885445
3.22108793258667	0.4821710550653564
3.240715980529785	0.47790198410521112
3.260538101196289	0.47359252007297414
3.2804460525512695	0.46477772795948658
3.300482988357544	0.46477772795948658
3.3204281330108643	0.45483185403557425
3.3407740592956543	0.44592637054685624
3.360408067703247	0.44025328701646527
3.3804731369018555	0.4374933508171539
3.400789976119995	0.43175539929847362
3.4204819202423096	0.4228199645925661
3.4406540393829346	0.41856057796285395
3.461064100265503	0.41326244605063456
3.4804649353027344	0.40709647745888733
3.5008950233459473	0.40116429365928985
3.5204739570617676	0.39564928063788818
3.54128098487854	0.39001416163613156
3.5606119632720947	0.38295614762254881
3.580414056777954	0.37731259772772208
3.601485013961792	0.37441317253768913
3.620728015899658	0.36630238126581749
3.6406359672546387	0.36060486846526818
3.660447120666504	0.35752318116751625
3.680773973464966	0.35201845077243088
3.700629949569702	0.34783496384834167
3.720466136932373	0.3395603094963805
3.74049711227417	0.33399892151134225
3.760432004928589	0.33103432877597394
3.780717134475708	0.32595344584154551
3.8012609481811523	0.32203226523585315
3.820794105529785	0.31676650604836643
3.8408219814300537	0.30594186155749625
3.8604350090026855	0.30088984914206307
3.880458116531372	0.29856718774188418
3.9008610248565674	0.29297601814369412
3.9205400943756104	0.28874459307880074
3.940700054168701	0.28245434526363167
3.9605350494384766	0.27780512853151662
3.9804890155792236	0.27006684132745806
4.000519037246704	0.26618501276721018
4.020565986633301	0.26101739880952501
4.041691064834595	0.25646560613271019
4.060753107070923	0.25019031180244222
4.0805370807647705	0.24696005573109292
4.100534915924072	0.2429448317797388
4.120455026626587	0.23562192239470703
4.140622138977051	0.23128233512307261
4.160496950149536	0.22676878521564625
4.180585145950317	0.225676118352098
4.200705051422119	0.22059346257073564
4.220711946487427	0.21276207618939857
4.2414751052856445	0.21064987200908414
4.2610390186309814	0.20758877498533002
4.280486106872559	0.20076783919455343
4.300487995147705	0.19672236686481204
4.320992946624756	0.19369068589940919
4.340754985809326	0.18740848394235254
4.360587120056152	0.18411899161410294
4.3805060386657715	0.18104906396503861
4.400473117828369	0.17715025596350775
4.420624017715454	0.17125973943904671
4.440704107284546	0.16803371491878316
4.460575103759766	0.16249608131472182
4.480489015579224	0.16249608131472182
4.500472068786621	0.15707569265589783
4.5219550132751465	0.15273912117423916
4.540802955627441	0.14807639664862116
4.56053614616394	0.14470209834339298
4.580642938613892	0.14119373679349645
4.6004650592803955	0.13924246438300381
4.620489120483398	0.13574802897312044
4.640442132949829	0.13083748990874267
4.660416126251221	0.12912214735819405
4.6806111335754395	0.12633210345627144
4.70039701461792	0.12063192658480149
4.720785140991211	0.12063192658480149
4.741590976715088	0.11588907253822467
4.7605249881744385	0.11588907253822467
4.780511140823364	0.1083247121457116
4.800440073013306	0.10551408452277022
4.820475101470947	0.10414196368101969
4.8404600620269775	0.09828222352208793
4.8604490756988525	0.09828222352208793
4.881693124771118	0.0939749313736018
4.90041708946228	0.090385265047679297
4.920680999755859	0.087252305216827031
4.941281080245972	0.084589376463732435
4.960499048233032	0.081430129502971571
4.980662107467651	0.079983304209167549
5.000473976135254	0.07460651524698636
5.0204551219940186	0.072598010344028019
5.040665149688721	0.070488012436053626
5.060508966445923	0.068071783355277304
5.080796957015991	0.065588402331588913
5.100592136383057	0.061470680405072864
5.120412111282349	0.056315453013416672
5.14107608795166	0.053330316404573086
5.1604931354522705	0.051154681440346295
5.180701971054077	0.048737028154284712
5.200444936752319	0.045670759649587334
5.2204530239105225	0.044251088674080119
5.240771055221558	0.042164975946223038
5.260731935501099	0.037262492509091638
5.28087306022644	0.035748162555218732
5.300467014312744	0.034115304760357068
5.32043194770813	0.032628244181186039
5.3405890464782715	0.028331220116422307
5.360438108444214	0.025783180474156842
5.38056492805481	0.024673988365973232
5.400439977645874	0.022225712240318662
5.420505046844482	0.016830696901433573
5.440562009811401	0.01569166848956538
5.460504055023193	0.013018215865527871
5.480483055114746	0.0082145400636950416
5.500430107116699	0.0063905015021403777
5.520627021789551	0.0046549329687086693
5.54060697555542	0.0012532977596508843
5.560451984405518	-0.00086101117015147111
5.580451011657715	-0.0037095313056247914
5.60045599937439	-0.0049983918102554092
5.620549917221069	-0.0085863219712998262
5.6404969692230225	-0.0085863219712998262
5.660459995269775	-0.011029419980697064
5.680467128753662	-0.017363523490132371
5.70052695274353	-0.017363523490132371
5.720541000366211	-0.019966437720718044
5.740596055984497	-0.025920089272220448
5.760555982589722	-0.025920089272220448
5.780564069747925	-0.031332078181264933
5.800539016723633	-0.032809805281068138
5.820868015289307	-0.035082547952006049
5.84055495262146	-0.039025790155428286
5.860521078109741	-0.040913720762882244
5.880604982376099	-0.042694004270960484
5.900552034378052	-0.045280607033846954
5.9205639362335205	-0.048841922982712394
5.94052791595459	-0.050889632909997262
5.960551023483276	-0.05373783758774997
5.980607032775879	-0.055787344053087606
6.000565052032471	-0.059031032935921823
6.020477056503296	-0.063997709827706029
6.040601015090942	-0.065999951838121351
6.0605340003967285	-0.067946196347935306
6.080549955368042	-0.070002767541716304
6.100598096847534	-0.073044990072804517
6.120584964752197	-0.076643867149606137
6.140531063079834	-0.078690138541370969
6.160591125488281	-0.081588434714579661
6.18061900138855	-0.086552924451903213
6.200480937957764	-0.088678038451068808
6.220509052276611	-0.091642493497391175
6.240618944168091	-0.094459254648866287
6.260558128356934	-0.098574333780309775
6.280774116516113	-0.099942873908260843
6.30049204826355	-0.10270684017585308
6.3224921226501465	-0.10455766806210276
6.340520143508911	-0.10882143036274816
6.3604209423065186	-0.11160272274577254
6.380615949630737	-0.11433345000426209
6.400458097457886	-0.11691632576405353
6.420730113983154	-0.11830369768802451
6.44052791595459	-0.12049661785839394
6.4604270458221436	-0.12371587838872378
6.48150897026062	-0.12523659043765867
6.500555038452148	-0.12697276715004624
6.520581007003784	-0.12906651745408171
6.540532112121582	-0.13157289478172607
6.560815095901489	-0.13261037462727687
6.580564022064209	-0.13414819740752537
6.600531101226807	-0.13546250402241955
6.620444059371948	-0.13747378404426525
6.640424013137817	-0.13878651341395543
6.660768032073975	-0.13956865973462684
6.681282043457031	-0.14238343118506025
6.7004570960998535	-0.14320459164761323
6.720505952835083	-0.14402603915123668
6.740457057952881	-0.14582569050185001
6.761312007904053	-0.14582569050185001
6.780482053756714	-0.14813410380160219
6.800440073013306	-0.14871546917495215
6.820474147796631	-0.14871546917495215
6.840433120727539	-0.15087121966474704
6.861014127731323	-0.15174286747886279
6.8843231201171875	-0.15206659667301659
6.9004271030426025	-0.15252096747713084
6.920472145080566	-0.15300078627612912
6.9405200481414795	-0.1531361543851677
6.961167097091675	-0.15323895749138194
6.980556011199951	-0.15376877335012895
7.000441074371338	-0.15406907730125208
7.020448923110962	-0.15436766510652089
7.040424108505249	-0.15469093322901117
7.060780048370361	-0.155147335779801
7.080548048019409	-0.15574308065236742
7.100490093231201	-0.15657358741961946
7.120564937591553	-0.15687598088792609
7.140474081039429	-0.15733438512026909
7.160473108291626	-0.15763685636630687
7.180536985397339	-0.15829342027659932
7.200437068939209	-0.15888738375231704
7.2204430103302	-0.15919090561809512
7.240425109863281	-0.15992915549264231
7.261381149291992	-0.15992915549264231
7.280816078186035	-0.16074303827277925
7.300462007522583	-0.16144378037497331
7.3204851150512695	-0.16222335113974906
7.340441942214966	-0.16241517615997014
7.361448049545288	-0.16277096997503904
7.380631923675537	-0.16302636629412159
7.400752067565918	-0.16415466317816096
7.42078709602356	-0.1650989898469486
7.440485954284668	-0.16534826400808056
7.460747003555298	-0.1659232457340023
7.480692148208618	-0.16677679406134849
7.500509023666382	-0.16731542835467095
7.520669937133789	-0.16778970812120519
7.540470123291016	-0.16844491654590543
7.561289072036743	-0.16870872057254371
7.580718040466309	-0.16953982004273893
7.600690126419067	-0.17011583825718501
7.620666027069092	-0.17059997735641663
7.640452146530151	-0.17143816003861834
7.660491943359375	-0.17168900593897773
7.6806089878082275	-0.17232032478876502
7.700509071350098	-0.17274575747144683
7.7205259799957275	-0.17338119371958371
7.7404069900512695	-0.17427202545842913
7.760803937911987	-0.17466595952254238
7.7806079387664795	-0.17557903491502547
7.800424098968506	-0.17645622619067036
7.820955038070679	-0.1769415561044041
7.840426921844482	-0.17731677618014818
7.860508918762207	-0.17740462854420236
7.8809380531311035	-0.17771126968462903
7.90064001083374	-0.17850923071932745
7.920823097229004	-0.17876565951156476
7.940465927124023	-0.17890775769371636
7.9604620933532715	-0.17890775769371636
7.980525970458984	-0.17955956195145273
8.000524044036865	-0.17979998715902656
8.021445035934448	-0.17982059981290455
8.04102897644043	-0.17997388833199923
8.060452938079834	-0.18043792400724845
8.080827951431274	-0.18023813377286579
8.10108208656311	-0.18023813377286579
8.121362924575806	-0.18046871408454446
8.140474081039429	-0.18056800348868207
8.160501956939697	-0.18014279472170802
8.180562019348145	-0.17998255770931926
8.20094895362854	-0.17982623609080739
8.220534086227417	-0.17952747378591827
8.240628004074097	-0.17929573072791416
8.260467052459717	-0.17869084606766972
8.280444145202637	-0.17837074031893652
8.30049204826355	-0.17808995961449869
8.32090711593628	-0.17756628565999177
8.340460062026978	-0.17756628565999177
8.360482931137085	-0.17667658612913484
8.380497932434082	-0.17640215085899147
8.400444030761719	-0.17592272868319303
8.420915126800537	-0.17527489346220748
8.440566062927246	-0.17415090133931344
8.460690021514893	-0.17361775969744975
8.480633974075317	-0.17308069831362283
8.500514030456543	-0.17234663778038173
8.520566940307617	-0.17102502941279152
8.541070938110352	-0.17036465066399598
8.560523986816406	-0.17002357545472879
8.580451011657715	-0.16887109127329714
8.60044813156128	-0.16812677681708332
8.62069296836853	-0.1669820229709662
8.64071798324585	-0.1669820229709662
8.660537958145142	-0.16509448699597451
8.680532932281494	-0.16361401749150151
8.700578927993774	-0.16289334541254874
8.720551013946533	-0.16118399774050496
8.740757942199707	-0.16023451816662115
8.76055908203125	-0.15895057559602566
8.780663013458252	-0.15770955048171809
8.800411939620972	-0.1563768611910239
8.82045292854309	-0.15485804535103864
8.841089963912964	-0.15485804535103864
8.861799955368042	-0.15217983638444443
8.880656957626343	-0.15042449627732468
8.900639057159424	-0.14899183182709153
8.920998096466064	-0.14819109183545409
8.941426992416382	-0.14614915008961127
8.960854053497314	-0.14428686616077369
8.980589151382446	-0.14350602174923144
9.000484943389893	-0.14219699156255117
9.020458936691284	-0.13968952644570742
9.040621042251587	-0.13801269691864015
9.061352014541626	-0.13721460301897181
9.080549955368042	-0.13576657621923927
9.100497007369995	-0.13416174357486965
9.120573043823242	-0.13194947364051179
9.140504121780396	-0.12916578125531331
9.160807132720947	-0.12727850679710317
9.1805260181427	-0.12654145406087758
9.200618028640747	-0.1248772563301217
9.220489978790283	-0.12268950472446427
9.240499019622803	-0.12129624221368562
9.261209964752197	-0.11994533530971996
9.280473947525024	-0.11838054161017086
9.300497055053711	-0.11619264363789439
9.320466041564941	-0.11619264363789439
9.340405941009521	-0.11291820365374816
9.361144065856934	-0.11071768202178101
9.380443096160889	-0.10865946670964854
9.400443077087402	-0.1075796825528974
9.420686960220337	-0.10543344350911599
9.44066596031189	-0.10370172967242852
9.46121096611023	-0.10269284812800494
9.48062014579773	-0.10051559828474566
9.500623941421509	-0.099267263627505598
9.520437002182007	-0.096473068398529538
9.540411949157715	-0.094523585825894818
9.560473918914795	-0.093603168644055046
9.580613136291504	-0.090644026705495984
9.600561141967773	-0.08989206842287123
9.620450973510742	-0.08810952882369727
9.640433073043823	-0.086681492737155974
9.660696029663086	-0.083902070802904793
9.68044900894165	-0.082681966235559345
9.700614929199219	-0.08142062842300235
9.720426082611084	-0.07857984572950083
9.740662097930908	-0.07857984572950083
9.761018991470337	-0.075781721829941917
9.78053593635559	-0.074294247473390973
9.800549030303955	-0.07188729659549109
9.820493936538696	-0.070334472719436159
9.840445041656494	-0.069651719139013801
9.861040115356445	-0.06723799966801125
9.880437135696411	-0.065597494914963805
9.900560140609741	-0.06418929417979391
9.92044711112976	-0.062981241589484371
9.94059705734253	-0.061861500048782325
9.960526943206787	-0.059499675701351284
9.980457067489624	-0.057343145003772467
10.000846147537231	-0.056608296866547114
10.020679950714111	-0.053413677373759683
10.04043698310852	-0.052567371247195238
10.061131954193115	-0.051112502583798625
10.080421924591064	-0.048504912535439537
10.101525068283081	-0.047180591084915235
10.120720148086548	-0.046479354881513224
10.140452146530151	-0.043815919269204473
10.161309003829956	-0.042161668207432834
10.180644989013672	-0.040979069357874653
10.200587034225464	-0.039816521149033113
10.220485925674438	-0.038233557288732012
10.240487098693848	-0.0357984121552406
10.260668992996216	-0.03461077818001157
10.280486106872559	-0.033046887017233573
10.300477027893066	-0.031638843786032878
10.320435047149658	-0.030471968602586941
10.340392112731934	-0.027872117229175153
10.360450029373169	-0.025906627547169991
10.380620002746582	-0.024239821376492499
10.400485038757324	-0.023653337400098451
10.420547008514404	-0.022098912600083231
10.440428972244263	-0.019739716470449586
10.460423946380615	-0.018295973495259688
10.480581998825073	-0.016560146938352283
10.500548124313354	-0.016317681231171388
10.520431995391846	-0.013649866229490826
10.54046893119812	-0.013649866229490826
10.560415029525757	-0.011229225939017651
10.58050799369812	-0.0085453805294424257
10.600925922393799	-0.0072064969051728323
10.620458126068115	-0.0057286884071845456
10.640381097793579	-0.0044420164012357599
10.660440921783447	-0.0029590077246985924
10.680644035339355	-0.0015677670482376893
10.70129108428955	0.0016683626365969761
10.720546007156372	0.0024449797687025043
10.740911960601807	0.0044419940894995236
10.760442972183228	0.005617107934443144
10.780472993850708	0.0074164260199123255
10.800434112548828	0.0095504799025547538
10.820435047149658	0.010880170985742899
10.840935945510864	0.01247354888884189
10.860417127609253	0.013411326832978965
10.880590915679932	0.014366304116455675
10.900740146636963	0.01498841558528774
10.920501947402954	0.016349748270511721
10.940576076507568	0.017343147271135395
10.960384130477905	0.018917581126201011
10.980898141860962	0.019485330863263206
11.000472068786621	0.020043636824592648
11.020458936691284	0.021916041416903287
11.040364980697632	0.023157027660736684
11.060446977615356	0.023333060276574225
11.080708026885986	0.025181199139492572
11.100944995880127	0.025288382027936152
11.120656967163086	0.025796115234013151
11.140496015548706	0.026547027741935736
11.160445928573608	0.026876339683482575
11.181604146957397	0.02726127951721824
11.201672077178955	0.027940422969171541
11.220432996749878	0.027873929391936336
11.240466117858887	0.028089502149134971
11.2604341506958	0.027990095326490882
11.28055214881897	0.028349106880356301
11.30065107345581	0.027661046162083203
11.320438146591187	0.027741764317950501
11.340443134307861	0.02721261535415076
11.360440969467163	0.026494769028023502
11.381263971328735	0.026313815978840083
11.403305053710938	0.025818322156321738
11.420627117156982	0.025059628129200151
11.440514087677002	0.024693904328078498
11.460597038269043	0.024381871226204055
11.480459928512573	0.023099744289419633
11.500545978546143	0.022733240316080705
11.520456075668335	0.021871407830860168
11.540971040725708	0.020944244364192732
11.560441970825195	0.019961953887221329
11.580480098724365	0.018365193899681609
11.600525140762329	0.017604634402154762
11.620597124099731	0.016945436532229463
11.640553951263428	0.015459167467782864
11.660417079925537	0.015459167467782864
11.68056607246399	0.014348291925595724
11.700425148010254	0.012682634002660231
11.720552921295166	0.011366778886161777
11.741405010223389	0.010794463278184452
11.760486125946045	0.0099607993356214397
11.780565023422241	0.0093627086201379939
11.800509929656982	0.0072009023473056377
11.820495128631592	0.0072009023473056377
11.840476036071777	0.0052095565124914422
11.860433101654053	0.0043178262563445813
11.880542993545532	0.0027862965443541388
11.90068006515503	0.0027862965443541388
11.920957088470459	-0.000347793238252736
11.94052004814148	-0.0014970812271968281
11.960422992706299	-0.0028457072426013585
11.98100996017456	-0.0037912325359537036
12.000718116760254	-0.0046511889106173321
12.020803928375244	-0.0062319264115708872
12.040418148040771	-0.0070124478741762086
12.060413122177124	-0.0075673950373780219
12.080433130264282	-0.0096643650659067326
12.101316928863525	-0.0096643650659067326
12.12120008468628	-0.010762201946953764
12.141089916229248	-0.0123240388029624
12.160457134246826	-0.013283479364674333
12.180459976196289	-0.013990809204510901
12.201149940490723	-0.014868160308184386
12.220866918563843	-0.01512112972384938
12.241218090057373	-0.015509558502895704
12.260576963424683	-0.016720340241625165
12.280450105667114	-0.017716880096812826
12.300467014312744	-0.017878651779220434
12.320482015609741	-0.0178375927027703
12.341290950775146	-0.018546216225469481
12.36047101020813	-0.018546216225469481
12.380583047866821	-0.0191751251078498
12.400429964065552	-0.020203753431839999
12.420516014099121	-0.0203760760755618
12.441609144210815	-0.020936452415526219
12.46044111251831	-0.021769469111228679
12.480723142623901	-0.022011610298716899
12.500426054000854	-0.02189470681110639
12.52043604850769	-0.022089809222480161
12.541842937469482	-0.023162648191537016
12.56081509590149	-0.023320669786229598
12.580527067184448	-0.023199642833605205
12.600548028945923	-0.023301682000321344
12.620604038238525	-0.023376991830154736
12.640646934509277	-0.023673714629497411
12.660606145858765	-0.024034016919431078
12.680477142333984	-0.024090200259291317
12.700513124465942	-0.023973587869819291
12.7205491065979	-0.023921037260781652
12.740494966506958	-0.024003020856964818
12.760577917098999	-0.023780317408975682
12.780436038970947	-0.023315539693353093
12.800496101379395	-0.022353315025765097
12.82049012184143	-0.021918928534101045
12.841438055038452	-0.021552548759187662
12.860453128814697	-0.020671729350608015
12.88044810295105	-0.020122934351937349
12.900464057922363	-0.019095395112460167
12.920449018478394	-0.018766572542240123
12.941066980361938	-0.017954879922475575
12.960521936416626	-0.017630923931857945
12.980512142181396	-0.016786732642871671
13.000499963760376	-0.015765746213602716
13.020447015762329	-0.015051628162962905
13.041049003601074	-0.014156730261479566
13.060626029968262	-0.013031749421622552
13.080445051193237	-0.011875809054072928
13.100459098815918	-0.011459160561841264
13.12047004699707	-0.01071670805536673
13.14101791381836	-0.0086469499826247187
13.160722017288208	-0.0074270206256374927
13.180510997772217	-0.0063313595872298567
13.200477123260498	-0.0048431418440924023
13.220415115356445	-0.003573421550022049
13.240587949752808	-0.0026722002779999698
13.2606520652771	-0.0017323794444688012
13.28060507774353	0.00068950592944028166
13.300456047058105	0.0015793245902040454
13.320451021194458	0.0027142377970368337
13.340558052062988	0.0027142377970368337
13.36127495765686	0.0049338156982809966
13.380881071090698	0.006342333090491703
13.400484085083008	0.0091746947738295948
13.420557022094727	0.010271221068312686
13.440485954284668	0.01119456045918521
13.46073603630066	0.013008410332312481
13.480710983276367	0.014727380546344149
13.50048303604126	0.015545200971474715
13.520440101623535	0.01659614364572648
13.540717124938965	0.018958232727669611
13.561481952667236	0.020474278105053534
13.581218957901001	0.020474278105053534
13.602144002914429	0.022258496643357439
13.620491981506348	0.022258496643357439
13.640452146530151	0.023826831342858901
13.660622119903564	0.025498578465509514
13.680463075637817	0.02579040262876986
13.700489044189453	0.026597598203044193
13.720515966415405	0.027248105385266008
13.740463018417358	0.027922142027911878
13.760451078414917	0.028462757763954016
13.780633926391602	0.028643205839538055
13.800463914871216	0.029138505318430319
13.82045602798462	0.029647787604161202
13.840462923049927	0.030191929112138416
13.860811948776245	0.031142854328896075
13.880468130111694	0.031182271472213863
13.900661945343018	0.031928768057513102
13.920604944229126	0.032169809283885797
13.940493106842041	0.032459129119756902
13.96103811264038	0.033011968392587576
13.980561017990112	0.032428063332930135
14.000678062438965	0.032668594229160908
14.02052903175354	0.033443071094634291
14.040418148040771	0.033885987047039157
14.060898065567017	0.03418258682828279
14.08045506477356	0.033514999992573236
14.100544929504395	0.033775963908565076
14.120557069778442	0.033937334839901023
14.140489101409912	0.034908312830203236
14.160638093948364	0.034842114263779589
14.18047308921814	0.034428608871655886
14.200484037399292	0.034707279459915918
14.22050404548645	0.035207918039982466
14.240455150604248	0.03568044750295396
14.260640144348145	0.035616866564007976
14.280426979064941	0.036007202867483823
14.3004629611969	0.036399996993266903
14.320544004440308	0.037111819377305455
14.340500116348267	0.037709476738084557
14.36056113243103	0.037813042158330257
14.380522012710571	0.037905441608258039
14.40059208869934	0.038409065458674618
14.420407056808472	0.03975818761581329
14.44088101387024	0.039883368056629731
14.461005926132202	0.040170854121174271
14.480494976043701	0.040312983987834672
14.50045895576477	0.041496876923001969
14.52041506767273	0.041787981822587694
14.541238069534302	0.042563415037884855
14.562133073806763	0.042692129757003316
14.580454111099243	0.043168592196796585
14.60056209564209	0.043571001973338186
14.620491981506348	0.04393798471470145
14.640443086624146	0.045131496426379369
14.661133050918579	0.046576155355753102
14.680501937866211	0.046475222010348816
14.700529098510742	0.046623791762642863
14.720447063446045	0.047661471365064934
14.740477085113525	0.048259825088638131
14.760801076889038	0.048826964851025334
14.781217098236084	0.04945452498992875
14.800487995147705	0.049909082205695787
14.82043194770813	0.050668344849302605
14.840413093566895	0.052226543584926954
14.861510038375854	0.052516730208995721
14.880671977996826	0.052457645727280511
14.900954961776733	0.053351516436226376
14.920611143112183	0.054033743597462491
14.940433979034424	0.05500033341629984
14.96113395690918	0.055128172497536099
14.980576038360596	0.05547429359617384
15.000477075576782	0.056048916869128051
15.020426034927368	0.056355258111427275
15.041744947433472	0.057438534118850804
15.061190128326416	0.057577757375054439
15.081048965454102	0.057577757375054439
15.100877046585083	0.05811962505752577
15.120419979095459	0.059243377604974334
15.140671968460083	0.05979559490954145
15.161306142807007	0.059694661892191858
15.180485963821411	0.060083172877876345
15.200489044189453	0.060326556156015121
15.220566987991333	0.061595238808038522
15.241006135940552	0.06205209913483456
15.261066913604736	0.062954036589133677
15.281105995178223	0.062954036589133677
15.30173110961914	0.064108119590856161
15.320595026016235	0.065706245851866907
15.340677976608276	0.066517320557145876
15.360963106155396	0.067113580724875055
15.380888938903809	0.067841309560818353
15.400593042373657	0.069208443117692697
15.420634984970093	0.069904455035052715
15.440608978271484	0.071368753261935147
15.460641145706177	0.071282259755812483
15.480826139450073	0.071282259755812483
15.500523090362549	0.072243858616674261
15.520632982254028	0.073446308238932279
15.54069209098816	0.07475032458737596
15.561211109161377	0.07475032458737596
15.580565929412842	0.075632065167921425
15.601148128509521	0.076341394196900669
15.620773077011108	0.077546591899640971
15.641305923461914	0.078641908818192663
15.660499095916748	0.079138364463389399
15.68233609199524	0.080098544077700895
15.700608015060425	0.080360234607834258
15.720531940460205	0.0818354240664807
15.740767002105713	0.081917239812943299
15.760539054870605	0.082858595416680725
15.781131982803345	0.082858595416680725
15.800565004348755	0.083734273335708265
15.820425033569336	0.085753464074954877
15.84067702293396	0.08625621295278707
15.860450029373169	0.087033048557839887
15.880804061889648	0.087291510741836165
15.900655031204224	0.088873531694978469
15.920444011688232	0.08935369044947028
15.940825939178467	0.090593668275200878
15.960505962371826	0.090895578775910479
15.980855941772461	0.091906342479126879
16.00112509727478	0.093010532102495214
16.020509004592896	0.094199948447031279
16.04052996635437	0.095184112423398748
16.060713052749634	0.096023056880508051
16.08116602897644	0.096865888331677752
16.10059094429016	0.098052794981514424
16.120614051818848	0.098052794981514424
16.140727043151855	0.10035800707145226
16.16053605079651	0.10039555521230081
16.180710077285767	0.10208784286842865
16.200660943984985	0.10248301869526411
16.220540046691895	0.10349852868348042
16.241018056869507	0.1039920558637959
16.260483980178833	0.10483569573800011
16.280583143234253	0.10560201421469873
16.30064606666565	0.10641663548568014
16.32044506072998	0.10798042825147269
16.3404860496521	0.10886387482798998
16.36057710647583	0.10883566878464124
16.38052797317505	0.10949370356162169
16.400568962097168	0.11147561371118098
16.420779943466187	0.11282764176251359
16.44082498550415	0.11305511194055562
16.460596084594727	0.11334792596703736
16.480483055114746	0.11500212465097459
16.500622987747192	0.11620689874690981
16.52041792869568	0.11713127136147483
16.540841102600098	0.11785196874098358
16.560436964035034	0.11842647770569825
16.58050012588501	0.11909359277750464
16.600589990615845	0.1207536141039246
16.62045192718506	0.12113791757180514
16.640464067459106	0.12126843931512354
16.660728931427002	0.12265015898360243
16.680532932281494	0.12349513942696022
16.700608015060425	0.12460545379337684
16.720447063446045	0.12485626178956888
16.740468978881836	0.12505149830290896
16.760401964187622	0.12489017759945509
16.78048801422119	0.12599509560229283
16.800493001937866	0.12674265470482293
16.82039213180542	0.12624432040018674
16.840655088424683	0.1263602762315108
16.86051297187805	0.12703584924740363
16.880738019943237	0.12769386759930834
16.90070414543152	0.12813167426009198
16.92050814628601	0.12777291655502621
16.94048500061035	0.12793636512620465
16.96042513847351	0.12862486602221823
16.980683088302612	0.13015639185807915
17.000680923461914	0.12993343724650752
17.020612955093384	0.13043532572423966
17.04046106338501	0.13169575979810988
17.060429096221924	0.13186063061379327
17.08056402206421	0.13249848154819821
17.100985050201416	0.13267758353178349
17.120748043060303	0.13267758353178349
17.140424966812134	0.13419571478940062
17.160500049591064	0.13436290484314606
17.180602073669434	0.13355424844459962
17.20063805580139	0.13333711959338324
17.22061800956726	0.13385800389995206
17.24095106124878	0.13472088118990733
17.26047992706299	0.13442840269286915
17.280636072158813	0.13377084834204978
17.300605058670044	0.13412159766863863
17.32041096687317	0.13475582605102987
17.340670108795166	0.13417732138148242
17.360481023788452	0.13370779467533234
17.38076901435852	0.13419252765221701
17.400665044784546	0.1358116497409565
17.42061495780945	0.13592470130498491
17.440596103668213	0.13570899089566968
17.46052098274231	0.13676065648022151
17.480592012405396	0.13800860980768714
17.500648021697998	0.13800860980768714
17.520601987838745	0.13796241601246495
17.540537118911743	0.1391411069050289
17.560526132583618	0.14055294633360804
17.580546140670776	0.14063946348864598
17.600533962249756	0.14116075583642118
17.62101101875305	0.1419479685885453
17.64091992378235	0.14218429448342362
17.660454988479614	0.14358312229039727
17.68066096305847	0.14350070238404011
17.700494050979614	0.14374482317132231
17.720911026000977	0.14518472930063375
17.740453004837036	0.14658064599490017
17.760419130325317	0.14681452135684558
17.78044605255127	0.14767683920104679
17.800626039505005	0.14853909359511575
17.82053804397583	0.15019321024249932
17.840657949447632	0.15111954487214863
17.860660076141357	0.1519861843869782
17.880519151687622	0.15284432768613188
17.900413990020752	0.15505038255252168
17.921324014663696	0.1560816667497934
17.940545082092285	0.15646850040478277
17.960844039916992	0.15738495070588854
17.980667114257812	0.1579538250526844
18.000608921051025	0.15945375202271816
18.020493030548096	0.15960690297987601
18.04114007949829	0.15992715829123672
18.060539960861206	0.1612496653405594
18.080693006515503	0.16191319155337058
18.100561141967773	0.1623152466831902
18.121437072753906	0.16383316604296339
18.140623092651367	0.16383316604296339
18.160659074783325	0.16609658686357509
18.180845022201538	0.16673996828776105
18.200554132461548	0.16711137406202381
18.221490144729614	0.16852958729023249
18.240503072738647	0.16932214427506043
18.26055598258972	0.17037005043676845
18.280574083328247	0.17164182646277015
18.300655126571655	0.17310056863029044
18.32047414779663	0.17417462412976659
18.340692043304443	0.17546208122800466
18.360412120819092	0.17593743671947948
18.38053011894226	0.17677943388189088
18.400540113449097	0.1776340137461393
18.42054295539856	0.17854953984075905
18.44050693511963	0.17965701722960459
18.460520029067993	0.18000410912654763
18.480576038360596	0.1800939444628592
18.500599145889282	0.1812202977437174
18.520437955856323	0.18096371749251128
18.541064977645874	0.18093393028975013
18.56067204475403	0.18144926505686543
18.58049511909485	0.18258061370345013
18.600482940673828	0.18315580585267988
18.62045693397522	0.18322508258947701
18.64079213142395	0.18304588570774893
18.66049814224243	0.18464655300818544
18.680495023727417	0.18524163358810064
18.700472116470337	0.18573739567015513
18.72049593925476	0.18565671061422095
18.7412109375	0.18731219418344525
18.760518074035645	0.18764783406058028
18.780642986297607	0.18732718856395159
18.80055594444275	0.18744980667066047
18.820416927337646	0.18853341847527971
18.84112811088562	0.18910646319242164
18.860527992248535	0.18901405436181595
18.880470037460327	0.18971620199714712
18.900399923324585	0.19044502371013372
18.920455932617188	0.19043159433071399
18.940473079681396	0.19087805918316225
18.961216926574707	0.19084995973204633
18.980437994003296	0.191620683672175
19.000460147857666	0.19244602306992831
19.020566940307617	0.19353824170690959
19.040467977523804	0.19402434286458059
19.060555934906006	0.19397014659650813
19.081010103225708	0.19369718169917427
19.10050392150879	0.19549605961312122
19.12066102027893	0.19633180879771073
19.140664100646973	0.19710466466629817
19.160521030426025	0.19766579929366379
19.18058705329895	0.19850696577693061
19.200572967529297	0.19917037785700098
19.222290992736816	0.20048517366058916
19.24042510986328	0.20093830474749075
19.260796070098877	0.20170480474438279
19.281858921051025	0.20192037209258717
19.300506114959717	0.20324743502466891
19.320456981658936	0.20394995779139402
19.34046196937561	0.20352843968449996
19.36044692993164	0.20443717319868149
19.380428075790405	0.20597191256240932
19.400754928588867	0.20670357561429042
19.42072296142578	0.20768555184228199
19.440547943115234	0.20846872262561389
19.46042013168335	0.20933468487849416
19.480432987213135	0.20943476436585473
19.500437021255493	0.21185592320241842
19.5205659866333	0.21261317295376825
19.54047703742981	0.21301978148052969
19.56057596206665	0.21493566911196305
19.58063793182373	0.21493566911196305
19.600820064544678	0.21659384425103057
19.620887994766235	0.21604349773673481
19.6413791179657	0.21724661010908353
19.66058897972107	0.21847983718862318
19.680649042129517	0.21912715639774816
19.703262090682983	0.21922019678325699
19.720489025115967	0.22000352490435449
19.740489959716797	0.22113219484071123
19.76058292388916	0.22146294479198514
19.780601978302002	0.22146294479198514
19.80041003227234	0.22184332390009986
19.820878982543945	0.22236817974904355
19.840467929840088	0.22312757156364127
19.86046004295349	0.22291018021175812
19.881606101989746	0.22198580608160168
19.9008309841156	0.22201829069566492
19.920644998550415	0.22252080728976409
19.940859079360962	0.22162656562167304
19.96051001548767	0.22107570600708915
19.980550050735474	0.22143568308222972
20.00042200088501	0.22157539532555837
20.020702123641968	0.22018987044852323
20.04059410095215	0.21997990856058935
20.060636043548584	0.21962016348405333
20.080641984939575	0.21909669404612675
20.100516080856323	0.2183624056389335
20.12121891975403	0.21794097174831817
20.140607118606567	0.21759008964991433
20.16057801246643	0.21702741131711922
20.180532932281494	0.21573094930212966
20.20054006576538	0.21549883274268133
20.22089695930481	0.21494723401854376
20.240838050842285	0.21494723401854376
20.26051092147827	0.21304426462603465
20.280524969100952	0.21016018268950332
20.300612926483154	0.20968805321725792
20.320552110671997	0.20905207367904377
20.341002941131592	0.20653198954188778
20.36074709892273	0.20653198954188778
20.38044500350952	0.2045940870867603
20.400466918945312	0.20417850799343673
20.42051911354065	0.20288334338475666
20.44054412841797	0.20034536808343895
20.460726022720337	0.19792990813295763
20.48059892654419	0.19679231820867948
20.500550985336304	0.19329713154093897
20.520427942276	0.19153979805407784
20.540470123291016	0.19079508763052722
20.56047511100769	0.18915072685990331
20.581010103225708	0.18521852184777021
20.60050106048584	0.18317273849428573
20.620682954788208	0.18131644838877015
20.64050602912903	0.18026587807232908
20.660610914230347	0.17543829241443909
20.680465936660767	0.17360442820400512
20.700529098510742	0.17068401709791747
20.720524072647095	0.16880022243690451
20.740597009658813	0.16880022243690451
20.760589122772217	0.16476846457090011
20.780741930007935	0.16211298371572969
20.80042600631714	0.15970927813368629
20.820631980895996	0.15801323814685897
20.842124938964844	0.1548391887111511
20.861099004745483	0.152412886447294
20.88131093978882	0.152412886447294
20.900959014892578	0.14883366423778621
20.920436143875122	0.14539354008066296
20.94101095199585	0.14539354008066296
20.960458993911743	0.14213238568127839
20.980612993240356	0.14042302265752904
21.000452995300293	0.13642718937575482
21.020483016967773	0.13642718937575482
21.040498971939087	0.13307714803435422
21.0604989528656	0.13104319647424134
21.08353900909424	0.12716771224106216
21.10044813156128	0.12548500715576927
21.120485067367554	0.12401678115680337
21.140546083450317	0.12073902720570762
21.160583972930908	0.12055616609658137
21.18042302131653	0.11778180684869455
21.20042395591736	0.11562719339019178
21.22069501876831	0.11562719339019178
21.24116611480713	0.11200121810926378
21.26095700263977	0.110504087848038
21.280391931533813	0.10748847373852266
21.300830125808716	0.10549705866990189
21.320498943328857	0.10447075420158813
21.340511083602905	0.09964095854454591
21.36045813560486	0.097775590692984693
21.38141107559204	0.09577867210457236
21.400460958480835	0.094628185788031782
21.420489072799683	0.092316348253844827
21.440521001815796	0.088690402678915703
21.460567951202393	0.087254979659864285
21.480551958084106	0.085671863745021337
21.50070309638977	0.083533446402318523
21.5204861164093	0.079429507815352185
21.540477991104126	0.078748529030506775
21.562216997146606	0.076018158869629815
21.580798149108887	0.073528586153324582
21.6004741191864	0.072232985774856484
21.620439052581787	0.070073146765988525
21.640793085098267	0.069027817729335528
21.661230087280273	0.066164390539239948
21.680520057678223	0.064234030261711927
21.700438976287842	0.061354386963458296
21.720492124557495	0.059051155604030514
21.740556955337524	0.059051155604030514
21.76116394996643	0.055946642253067891
21.780489921569824	0.052640529672282721
21.800606966018677	0.052640529672282721
21.82050895690918	0.048692932596704264
21.84054398536682	0.047536585759584638
21.861216068267822	0.045629465470115704
21.880617141723633	0.04219296645106807
21.90046000480652	0.040640577016438195
21.92047905921936	0.038960533104037465
21.940508127212524	0.033869829221683245
21.96053194999695	0.033211695933634156
21.980716943740845	0.031166541683256721
22.000695943832397	0.027342233989339215
22.020612955093384	0.0244996475969812
22.040497064590454	0.023071501730457245
22.060446977615356	0.019593969772103925
22.08070993423462	0.019593969772103925
22.10051703453064	0.014731415700003136
22.12056303024292	0.01244386552561827
22.140459060668945	0.011278207346039348
22.16142511367798	0.0081499922913073064
22.1806960105896	0.0055728871026314852
22.20049214363098	0.0020845911369673509
22.22050905227661	0.0005046934162393768
22.240494966506958	0.0005046934162393768
22.260558128356934	-0.0028038267923082838
22.281259059906006	-0.0065894182220043174
22.3007071018219	-0.0086048584629649927
22.320462942123413	-0.0094261857474462474
22.34046196937561	-0.012525018287923073
22.36057209968567	-0.012525018287923073
22.38073205947876	-0.016542013322728977
22.400728940963745	-0.018292283705115153
22.4205539226532	-0.019379227940138799
22.440468072891235	-0.021180528716624902
22.4604709148407	-0.022136658055930347
22.481225967407227	-0.023132651669505178
22.5007381439209	-0.024905318762668882
22.52052593231201	-0.025494676449938414
22.540436029434204	-0.02653693766761589
22.56044912338257	-0.027756281296426488
22.581105947494507	-0.028230663181350035
22.600917100906372	-0.028559964020201445
22.620509147644043	-0.029336269097986589
22.64148211479187	-0.030219761993571126
22.66048312187195	-0.030848378140783783
22.680601119995117	-0.031013387625721922
22.700545072555542	-0.031738817102203498
22.72058391571045	-0.031738817102203498
22.740477085113525	-0.032068247775549841
22.760473012924194	-0.032162217809698523
22.781100034713745	-0.032205638143224302
22.80061912536621	-0.032372793050579718
22.82047700881958	-0.03227082284590499
22.84048295021057	-0.032075878258653434
22.86073899269104	-0.031961693928861612
22.88076400756836	-0.032102837096027015
22.900876998901367	-0.03185720888571919
22.92084002494812	-0.031467173566837925
22.940639972686768	-0.03150146135973686
22.960508108139038	-0.031469246315517063
22.981029987335205	-0.031436151272959068
23.00075602531433	-0.031021542664650736
23.020609140396118	-0.030797426596224975
23.040512084960938	-0.030722537600887057
23.060667037963867	-0.030502392611706952
23.080501079559326	-0.030084710458391672
23.100830078125	-0.029844401948219357
23.12084698677063	-0.029561808667025957
23.14062213897705	-0.029439353529117307
23.160463094711304	-0.029029407119484318
23.18055295944214	-0.028646126987941223
23.200613021850586	-0.02851484465726406
23.220639944076538	-0.028422431001660087
23.240610122680664	-0.02831130746302235
23.26067805290222	-0.027991276062287795
23.280561923980713	-0.027822951756935943
23.300817012786865	-0.027776728924906235
23.320657968521118	-0.027668366141425427
23.34058904647827	-0.027460265420453212
23.36068606376648	-0.027460265420453212
23.380600929260254	-0.027328551841715898
23.400612115859985	-0.027049742200595084
23.420681953430176	-0.026893934951772058
23.441172122955322	-0.026917685528566215
23.46062397956848	-0.026851014500463011
23.480451107025146	-0.02685528797905623
23.50081992149353	-0.026760430112249489
23.520604133605957	-0.026835783446204964
23.540730953216553	-0.026853440755923996
23.560522079467773	-0.026871814229689539
23.580531120300293	-0.026849973796703175
23.60056209564209	-0.026897755105534493
23.620598077774048	-0.027039295299944532
23.6404230594635	-0.027151705430594086
23.66050910949707	-0.027302359016273314
23.680649995803833	-0.027588305663628354
23.700767040252686	-0.027779145796107407
23.721435070037842	-0.027959672058332163
23.740504026412964	-0.028237815477830219
23.76048994064331	-0.029046811430807784
23.78047513961792	-0.029307048114217471
23.800605058670044	-0.029307048114217471
23.82056999206543	-0.03014999942071328
23.84071111679077	-0.030678277859423897
23.860512018203735	-0.030990816074616179
23.88040804862976	-0.031391605068706196
23.900439023971558	-0.032301207173527358
23.921070098876953	-0.032928898261908257
23.94070291519165	-0.032928898261908257
23.9604389667511	-0.034523747319739284
23.980458974838257	-0.035147686722291516
24.00085210800171	-0.035943890602324835
24.020446062088013	-0.036457864778550952
24.040982961654663	-0.03715588366562339
24.06050395965576	-0.038178706202940393
24.08067512512207	-0.039849106972531523
24.100526094436646	-0.040780957146713259
24.12081813812256	-0.041754638065839345
24.14096713066101	-0.043312473386805328
24.160460948944092	-0.04461140868585467
24.18050193786621	-0.045993863439354632
24.20044994354248	-0.045993863439354632
24.220422983169556	-0.049242484986716129
24.24110507965088	-0.05085532711688634
24.26114797592163	-0.051691541828127185
24.280417919158936	-0.054367039405523787
24.300482034683228	-0.056200510663853676
24.320436000823975	-0.057658332177935367
24.34065294265747	-0.060739240505718772
24.360535144805908	-0.062374784473858469
24.380470991134644	-0.064405572819697054
24.400588989257812	-0.067157111209481979
24.420403957366943	-0.06947686375272899
24.440453052520752	-0.071733735764266893
24.46055793762207	-0.072307897436835189
24.480456113815308	-0.074577132399122226
24.500463008880615	-0.076905855047189053
24.52041506767273	-0.080654671010392587
24.540400981903076	-0.081894190759646879
24.560751914978027	-0.085615198520864411
24.580524921417236	-0.088260873634858905
24.600498914718628	-0.090258254542846528
24.62043309211731	-0.095062995109279846
24.640531063079834	-0.096437019504412858
24.66057014465332	-0.098443034703711296
24.680623054504395	-0.10113455614129352
24.700534105300903	-0.10384616794616375
24.720474004745483	-0.10667566955519114
24.740450143814087	-0.10927372575529382
24.760852098464966	-0.11123099210884924
24.780559062957764	-0.11535159588285238
24.800518035888672	-0.11796095162721176
24.820650100708008	-0.12160570003520688
24.8405020236969	-0.12348740473068642
24.860541105270386	-0.12471139483226512
24.880933046340942	-0.12713776547462818
24.900486946105957	-0.12932720920031593
24.92071795463562	-0.13271369353237294
24.940470933914185	-0.1338222271285987
24.960587978363037	-0.13716328532082467
24.9813289642334	-0.13905876510954185
25.00076699256897	-0.14000019777742922
25.02046799659729	-0.14186414518320944
25.04054594039917	-0.14267354338540517
25.061092138290405	-0.14471015037169455
25.080431938171387	-0.14630765464604356
25.1004581451416	-0.14742803662007375
25.12049698829651	-0.14840655624111254
25.14047408103943	-0.14986234928976927
25.16109800338745	-0.15104893574408473
25.18114709854126	-0.15222814601062229
25.200505018234253	-0.15283598430383005
25.220431089401245	-0.15437423388212923
25.240922927856445	-0.155147550689134
25.260432958602905	-0.15645214991810619
25.280674934387207	-0.1568775755982148
25.30048894882202	-0.15708738931741584
25.320441007614136	-0.1573400272580876
25.340455055236816	-0.15839732696981978
25.360502004623413	-0.15881553784490565
25.380463123321533	-0.15917010152222155
25.400712966918945	-0.15976170588169181
25.420449018478394	-0.16053893408326103
25.440552949905396	-0.16094513822088419
25.46044611930847	-0.1612259024600875
25.48056197166443	-0.16161705580328878
25.500483989715576	-0.16194581073903147
25.520692110061646	-0.16235742080310156
25.540796041488647	-0.16265123511055801
25.560447931289673	-0.1629681160203158
25.580363988876343	-0.16323256481859705
25.601447105407715	-0.16335305715568182
25.620440006256104	-0.16402135462176348
25.640514135360718	-0.16394824918172479
25.660582065582275	-0.16399064806192376
25.680689096450806	-0.16433553892861874
25.700536966323853	-0.16436646845041225
25.720914125442505	-0.16424294194781708
25.740833044052124	-0.16407141099038114
25.760569095611572	-0.16426763990448356
25.780553102493286	-0.16432977268849269
25.80056095123291	-0.16407583796672287
25.82131314277649	-0.16397167568298809
25.84058904647827	-0.1642845425934818
25.860440015792847	-0.16443597329127679
25.880413055419922	-0.16424380279213713
25.901337146759033	-0.16425429652883405
25.92047095298767	-0.16422440440003316
25.940611124038696	-0.16441973791136033
25.960572957992554	-0.16425400189564643
25.980427026748657	-0.16394805829369119
26.000499963760376	-0.16391606067978159
26.020607948303223	-0.16382350799653733
26.041532039642334	-0.16359764578725366
26.060678958892822	-0.16323729693404032
26.08095693588257	-0.16322747587001873
26.100897073745728	-0.16330358178958071
26.120682954788208	-0.16320271821054333
26.140610933303833	-0.16328644891078525
26.160619020462036	-0.16341778165340304
26.181801080703735	-0.1635570433800364
26.200731992721558	-0.16359379637387361
26.220979928970337	-0.16348093643467365
26.240719079971313	-0.16349842659748148
26.260836124420166	-0.16363620542762525
26.280683040618896	-0.16355948259325381
26.300550937652588	-0.16352453715493276
26.320910930633545	-0.16352453715493276
26.340667009353638	-0.16409727977374233
26.360460996627808	-0.16409837134368366
26.381524085998535	-0.16406898856361196
26.400443077087402	-0.16414383485991357
26.420716047286987	-0.16426370391647005
26.44049310684204	-0.16426220322768281
26.46048092842102	-0.16442834716444965
26.48058009147644	-0.16467588312263226
26.500865936279297	-0.16487648610493522
26.520803928375244	-0.16478655066066272
26.540497064590454	-0.16480895814932217
26.560457944869995	-0.16546874156330205
26.580482006072998	-0.16576764064136174
26.60104513168335	-0.16585536656009947
26.621052026748657	-0.16594968191785764
26.640501022338867	-0.16607184514306939
26.66041111946106	-0.16643255041622163
26.682066917419434	-0.16650434152237059
26.700911045074463	-0.16640164137756086
26.72062397003174	-0.16644979875915711
26.74042797088623	-0.16713511821888427
26.760545015335083	-0.16734811021289087
26.781539916992188	-0.16744837515265476
26.8006911277771	-0.16775294101304494
26.82052707672119	-0.16860564135697342
26.840476036071777	-0.16897976957573246
26.86044692993164	-0.16895059457035
26.881137132644653	-0.16936766329800657
26.90094804763794	-0.17004408947233962
26.92074704170227	-0.17036476038689075
26.940431118011475	-0.16933397869068112
26.960524082183838	-0.16807636535208292
26.980512142181396	-0.16807636535208292
27.000751972198486	-0.17165243703203603
27.020430088043213	-0.17325451130989689
27.04056191444397	-0.17398891975730368
27.06045413017273	-0.17532026014552682
27.081094980239868	-0.17715209957291012
27.100547075271606	-0.17769009670817826
27.121278047561646	-0.17924557165451671
27.14064311981201	-0.18098792975755273
27.16054105758667	-0.18136018967657686
27.181572914123535	-0.18302714892067851
27.200494050979614	-0.18544205965249638
27.221154928207397	-0.18622648162284361
27.240538120269775	-0.18695585990347396
27.260414123535156	-0.18867144666485292
27.280651092529297	-0.18954816184154044
27.300442934036255	-0.19080280642571434
27.320472955703735	-0.19150335581438349
27.340462923049927	-0.1921469716119335
27.360455989837646	-0.19295437439761964
27.38044810295105	-0.19320428156060498
27.401505947113037	-0.19365078930681667
27.420509099960327	-0.19386348855487934
27.44043803215027	-0.19401159155043635
27.460413932800293	-0.19149353570046923
27.4804630279541	-0.18981650278322615
27.50100612640381	-0.18995367201781632
27.520612001419067	-0.19123924800685455
27.540432929992676	-0.19267206043340757
27.560471057891846	-0.19281408068704287
27.580554962158203	-0.19338445416711347
27.600440979003906	-0.19481338705441553
27.620466947555542	-0.19358061768318024
27.64057207107544	-0.19234328099375841
27.66045093536377	-0.19106816693127771
27.680472135543823	-0.1913121140545162
27.700459957122803	-0.19298663624617696
27.72056007385254	-0.19298726415848089
27.74049401283264	-0.19285499962039165
27.760556936264038	-0.19324288629210007
27.78059697151184	-0.19275223811969844
27.800718069076538	-0.18876572926399238
27.82105302810669	-0.18876572926399238
27.840435028076172	-0.18884317476245061
27.86058497428894	-0.18980142220176788
27.88044500350952	-0.18946337618058418
27.90041995048523	-0.18602337627212928
27.920489072799683	-0.18434448711768558
27.9404079914093	-0.18674967502255324
27.960938930511475	-0.1874082721105832
27.98044514656067	-0.18701841766930238
28.000477075576782	-0.1872713172280891
28.021342039108276	-0.18826619191459648
28.040621995925903	-0.18881905166304014
28.06057906150818	-0.18915249052270933
28.08054208755493	-0.18978199324692113
28.10048508644104	-0.19011477167462165
28.120511054992676	-0.19011477167462165
28.140655040740967	-0.19086227466267669
28.160624980926514	-0.19123889347932099
28.180448055267334	-0.19163258076716017
28.200520038604736	-0.19190686226089126
28.220487117767334	-0.19202900701047687
28.241055965423584	-0.19257404909910703
28.260523080825806	-0.19268261736975911
28.28056812286377	-0.19252178087002658
28.300552129745483	-0.19231216914382787
28.32049298286438	-0.19252609858542513
28.34099006652832	-0.19257183130075162
28.360573053359985	-0.19181860322099031
28.380461931228638	-0.19199405103412204
28.400470972061157	-0.1918937805109675
28.42063593864441	-0.19181772502181271
28.440469980239868	-0.19209528749314653
28.461267948150635	-0.19175454651038693
28.480467081069946	-0.19172965714043277
28.50074791908264	-0.19165320892061954
28.520442962646484	-0.1913499593371919
28.541121006011963	-0.19090439244092616
28.560555934906006	-0.1907539539105132
28.58052706718445	-0.19052041465587255
28.600419998168945	-0.19024768195380992
28.62057113647461	-0.18993602849619773
28.640818119049072	-0.18955316816839352
28.660862922668457	-0.18913571950477381
28.68053102493286	-0.18880214341271251
28.700493097305298	-0.18834326685193048
28.72048592567444	-0.18783368629704333
28.740694046020508	-0.18758230779154261
28.760525941848755	-0.18722818304786215
28.780529975891113	-0.18671381048597468
28.80049204826355	-0.1860226883653775
28.820487022399902	-0.18548581835600753
28.84065294265747	-0.18533539135766364
28.860456943511963	-0.18477852757017588
28.880454063415527	-0.1836897252354035
28.90053701400757	-0.18347823818479014
28.92050313949585	-0.18300462133633677
28.941762924194336	-0.18288817151291425
28.96069097518921	-0.18157859170529567
28.980586051940918	-0.18118944202507437
29.00046396255493	-0.18095632946735818
29.020446062088013	-0.18045735508000837
29.040632963180542	-0.17981132276463807
29.0604989528656	-0.17949064253730818
29.080461978912354	-0.17873691788074697
29.10042905807495	-0.17833681039124016
29.12044596672058	-0.17787556603546051
29.14065408706665	-0.17712261610366187
29.16054606437683	-0.17712261610366187
29.180516958236694	-0.17663876515424048
29.20045804977417	-0.17623778168514992
29.220530033111572	-0.17616430896108914
29.24047303199768	-0.17565808026162144
29.26058793067932	-0.17525939155095904
29.28049111366272	-0.17500662329378547
29.300482988357544	-0.17449126673496251
29.320433139801025	-0.17380509879235251
29.34069514274597	-0.1735040040471052
29.360461950302124	-0.17315816674715534
29.380481958389282	-0.17276672816912253
29.40056610107422	-0.17257114397976303
29.420582056045532	-0.17215792745770497
29.440534114837646	-0.17195082331971245
29.4611759185791	-0.17181844748051778
29.480556964874268	-0.17182944757618124
29.50047492980957	-0.17182944757618124
29.520434141159058	-0.17108556741190872
29.54051899909973	-0.17092567566839167
29.56044292449951	-0.17104233372963984
29.580440044403076	-0.17128985227089055
29.600615978240967	-0.17128985227089055
29.620548009872437	-0.17078136674593902
29.640807151794434	-0.17073995615821058
29.662925004959106	-0.17080104040190736
29.6805899143219	-0.17073413142062188
29.700603008270264	-0.17048217677296651
29.720530033111572	-0.17038207916504788
29.74097204208374	-0.17087460110126651
29.76054096221924	-0.17096947970882392
29.780524015426636	-0.17120955465813359
29.800580978393555	-0.17145654572237068
29.820528030395508	-0.1719358276554761
29.840517044067383	-0.17216874687716643
29.860667943954468	-0.17329510374623314
29.8805730342865	-0.17389980449896458
29.900635957717896	-0.17403004114760456
29.920639991760254	-0.1749055753739106
29.940941095352173	-0.17629928483304402
29.96089005470276	-0.17690413191443755
29.981053113937378	-0.17755985119748452
30.00058102607727	-0.17774598920865303
30.0205979347229	-0.1792529270620431
30.040619134902954	-0.1801614945103458
30.060789108276367	-0.1805419483069044
30.080456018447876	-0.18131659209609996
30.100446939468384	-0.18240208178862249
30.120523929595947	-0.18286471234495361
30.14086103439331	-0.18442861528442811
30.161688089370728	-0.18485682134667991
30.1805100440979	-0.18574376678234783
30.200775146484375	-0.186114734900926
30.22060513496399	-0.18680461543548743
30.240564107894897	-0.18815393129827851
30.260685920715332	-0.18928019073728142
30.281086921691895	-0.18982490317415168
30.300868034362793	-0.19026087949054027
30.320801973342896	-0.19151616650780712
30.34099292755127	-0.1921423577049155
30.36108112335205	-0.19299407700972426
30.381067991256714	-0.19370172042847789
30.400718927383423	-0.193860819649331
30.420812129974365	-0.19491879751474928
30.441179990768433	-0.19546170715520694
30.46143102645874	-0.19596233534467844
30.48084807395935	-0.19659511722621259
30.500502109527588	-0.19778581327335809
30.52071213722229	-0.19810119768721823
30.540586948394775	-0.19836185412265328
30.56055498123169	-0.19912553419628565
30.580760955810547	-0.20003116860137671
30.600600004196167	-0.20069000738471598
30.620646953582764	-0.20136924821783442
30.64043402671814	-0.20209511065413821
30.660609006881714	-0.20247099162066617
30.68096899986267	-0.20297717024793949
30.70053505897522	-0.2036495476769753
30.720539093017578	-0.20393596458824126
30.740643978118896	-0.20440302434455204
30.761390924453735	-0.20461934370286872
30.78061294555664	-0.20502982011637916
30.80070209503174	-0.2056137334038135
30.820481061935425	-0.20657819394624322
30.84055209159851	-0.20679919829987314
30.860584020614624	-0.20757513189041221
30.880573987960815	-0.20829061327126897
30.90054202079773	-0.20854479827376116
30.920788049697876	-0.20885572316313872
30.940510988235474	-0.20941585080363367
30.961143016815186	-0.20989475740129238
30.98054313659668	-0.21027455368751635
31.00062894821167	-0.21095432058567654
31.02060103416443	-0.21108439653500333
31.040446043014526	-0.21118191564339006
31.060478925704956	-0.21171435834619912
31.080676078796387	-0.21222351194989963
31.10046410560608	-0.21237506198668044
31.120577096939087	-0.21237494064714979
31.140669107437134	-0.2128924422960059
31.1603901386261	-0.21325971004416067
31.180474042892456	-0.21322387719620406
31.20040512084961	-0.21382176597622959
31.220618963241577	-0.21382176597622959
31.240416049957275	-0.21380015771397232
31.260486125946045	-0.21374204121714713
31.280673027038574	-0.21392348723106092
31.300503969192505	-0.21404068524583431
31.32072901725769	-0.21392107363599533
31.34055209159851	-0.21383514673549242
31.360615015029907	-0.21390230477037786
31.380731105804443	-0.21398038113654505
31.400715112686157	-0.21403984840069801
31.42059898376465	-0.2140105429610919
31.440551042556763	-0.21385049942453049
31.460698127746582	-0.21391619090522962
31.480659008026123	-0.2140912474890142
31.500678062438965	-0.2139588366001588
31.520435094833374	-0.21398804823684525
31.540422916412354	-0.2139321604211899
31.560647010803223	-0.2139120721537211
